{"epochs": 10, "loss": 138620.90927314467, "_runtime": 453, "_timestamp": 1614701594, "_step": 19, "metric": 138620.90927314467}