{"epoch": 10, "Loss": 0.37312694432148047, "Accuracy": 0.8682037037037037, "Val_Loss": 0.4092039697568675, "Val_Accuracy": 0.8553092182030338, "_runtime": 344, "_timestamp": 1615158341, "_step": 19, "metric": 0.4092039697568675}