{"epoch": 1, "Loss": 6.487990814362082, "Accuracy": 0.5257777777777778, "Val_Loss": 2.0640389434148956, "Val_Accuracy": 0.5984330721786965, "_runtime": 107, "_timestamp": 1615360230, "_step": 1, "metric": 6.487990814362082}