{"epoch": 10, "Loss": 0.5088984933837116, "Accuracy": 0.8153703703703704, "Val_Loss": 0.5082278698013185, "Val_Accuracy": 0.8133022170361727, "_runtime": 1236, "_timestamp": 1615144222, "_step": 19, "metric": 0.5082278698013185}