{"epoch": 10, "Loss": 0.29471090755387813, "Accuracy": 0.895962962962963, "Val_Loss": 0.3670303706973759, "Val_Accuracy": 0.8684780796799466, "_runtime": 626, "_timestamp": 1615148314, "_step": 19, "metric": 0.3670303706973759}