{"epoch": 10, "Loss": 0.5978907354686966, "Accuracy": 0.7867592592592593, "Val_Loss": 0.5836765101461403, "Val_Accuracy": 0.7921320220036673, "_runtime": 983, "_timestamp": 1615190983, "_step": 19, "metric": 0.5836765101461403}