{"epoch": 10, "Loss": 0.2866872733840337, "Accuracy": 0.8985740740740741, "Val_Loss": 0.40185536580348913, "Val_Accuracy": 0.8726454409068178, "_runtime": 1436, "_timestamp": 1615166957, "_step": 19, "metric": 0.40185536580348913}