{"epoch": 10, "Loss": 0.3359602126549119, "Accuracy": 0.8806111111111111, "Val_Loss": 0.38088694132974465, "Val_Accuracy": 0.8651441906984497, "_runtime": 400, "_timestamp": 1615147683, "_step": 19, "metric": 0.38088694132974465}