{"epoch": 10, "Loss": 0.3360693468625732, "Accuracy": 0.8781111111111111, "Val_Loss": 0.3745333112048975, "Val_Accuracy": 0.8606434405734289, "_runtime": 559, "_timestamp": 1615195034, "_step": 19, "metric": 0.3745333112048975}