{"epoch": 10, "Loss": 0.3906291923215825, "Accuracy": 0.8610740740740741, "Val_Loss": 0.4273482005786353, "Val_Accuracy": 0.8461410235039173, "_runtime": 359, "_timestamp": 1615167324, "_step": 19, "metric": 0.4273482005786353}