{"epoch": 10, "Loss": 0.4470603814123549, "Accuracy": 0.8394074074074074, "Val_Loss": 0.4632547748641847, "Val_Accuracy": 0.8298049674945824, "_runtime": 2388, "_timestamp": 1615155937, "_step": 19, "metric": 0.4632547748641847}