{"epoch": 10, "Loss": 0.6498111808461866, "Accuracy": 0.7841851851851852, "Val_Loss": 0.6355741947071316, "Val_Accuracy": 0.7889648274712452, "_runtime": 481, "_timestamp": 1615175627, "_step": 19, "metric": 0.6355741947071316}