{"epoch": 10, "Loss": 0.5085770783117493, "Accuracy": 0.8177407407407408, "Val_Loss": 0.5188552533241585, "Val_Accuracy": 0.8106351058509752, "_runtime": 1287, "_timestamp": 1615188330, "_step": 19, "metric": 0.5188552533241585}