{"epoch": 10, "Loss": 0.34740520607115166, "Accuracy": 0.8771851851851852, "Val_Loss": 0.3882437366001666, "Val_Accuracy": 0.8649774962493749, "_runtime": 314, "_timestamp": 1615156257, "_step": 19, "metric": 0.3882437366001666}