{"epoch": 10, "Loss": 0.26271481246117256, "Accuracy": 0.9071851851851852, "Val_Loss": 0.3974894364919442, "Val_Accuracy": 0.8724787464577429, "_runtime": 1480, "_timestamp": 1615149801, "_step": 19, "metric": 0.3974894364919442}