{"epoch": 10, "Loss": 0.3004184603584908, "Accuracy": 0.8918148148148148, "Val_Loss": 0.358078144514212, "Val_Accuracy": 0.8741456909484914, "_runtime": 695, "_timestamp": 1615189031, "_step": 19, "metric": 0.358078144514212}