{"epochs": 5, "loss": 138624.09667985648, "_runtime": 206, "_timestamp": 1614700873, "_step": 9, "metric": 138624.09667985648}