{"epoch": 10, "Loss": 0.35780979711158484, "Accuracy": 0.8754259259259259, "Val_Loss": 0.39676449635344657, "Val_Accuracy": 0.8614769128188031, "_runtime": 338, "_timestamp": 1615165001, "_step": 19, "metric": 0.39676449635344657}