{"epochs": 10, "loss": 138634.66827726073, "_runtime": 361, "_timestamp": 1614700629, "_step": 15, "metric": 138634.66827726073}