{"epoch": 10, "Loss": 1.3484422247736008, "Accuracy": 0.6002777777777778, "Val_Loss": 1.3200296196129542, "Val_Accuracy": 0.6016002667111185, "_runtime": 566, "_timestamp": 1615170077, "_step": 19, "metric": 1.3200296196129542}