{"epoch": 10, "Loss": 0.42594427280897046, "Accuracy": 0.8464259259259259, "Val_Loss": 0.43874674824259996, "Val_Accuracy": 0.8394732455409235, "_runtime": 457, "_timestamp": 1615173807, "_step": 19, "metric": 0.43874674824259996}