{"epoch": 10, "Loss": 0.7490578525188037, "Accuracy": 0.7407962962962963, "Val_Loss": 0.731123557756902, "Val_Accuracy": 0.7461243540590098, "_runtime": 3624, "_timestamp": 1615182919, "_step": 19, "metric": 0.731123557756902}