{"epoch": 10, "Loss": 0.3947705682218726, "Accuracy": 0.861, "Val_Loss": 0.4230262091476387, "Val_Accuracy": 0.8463077179529922, "_runtime": 378, "_timestamp": 1615194469, "_step": 19, "metric": 0.4230262091476387}