{"epoch": 10, "Loss": 0.30647193643818127, "Accuracy": 0.8906296296296297, "Val_Loss": 0.36711955854797257, "Val_Accuracy": 0.8743123853975663, "_runtime": 470, "_timestamp": 1615156733, "_step": 19, "metric": 0.36711955854797257}