{"epoch": 10, "Loss": 0.4450600830257535, "Accuracy": 0.8387592592592592, "Val_Loss": 0.464438551452095, "Val_Accuracy": 0.8309718286381064, "_runtime": 2834, "_timestamp": 1615164656, "_step": 19, "metric": 0.464438551452095}