{"epoch": 10, "Loss": 0.2780249122090798, "Accuracy": 0.9001851851851852, "Val_Loss": 0.4037688677599296, "Val_Accuracy": 0.8718119686614436, "_runtime": 1253, "_timestamp": 1615157991, "_step": 19, "metric": 0.4037688677599296}