{"epoch": 10, "Loss": 0.6007374741490749, "Accuracy": 0.7835, "Val_Loss": 0.5989271271493111, "Val_Accuracy": 0.7801300216702783, "_runtime": 593, "_timestamp": 1615152667, "_step": 19, "metric": 0.5989271271493111}