{"epoch": 10, "Loss": 0.32401979665926633, "Accuracy": 0.8816111111111111, "Val_Loss": 0.36331141208978357, "Val_Accuracy": 0.8669778296382731, "_runtime": 563, "_timestamp": 1615167894, "_step": 19, "metric": 0.36331141208978357}