{"epoch": 10, "Loss": 0.2547273468520646, "Accuracy": 0.9092407407407408, "Val_Loss": 0.36922072484384877, "Val_Accuracy": 0.8721453575595932, "_runtime": 1453, "_timestamp": 1615192443, "_step": 19, "metric": 0.36922072484384877}