{"epoch": 10, "Loss": 0.5242599439257375, "Accuracy": 0.8115370370370371, "Val_Loss": 0.5156570545939169, "Val_Accuracy": 0.8124687447907984, "_runtime": 880, "_timestamp": 1615176513, "_step": 19, "metric": 0.5156570545939169}