{"epoch": 10, "Loss": 0.44943743102559225, "Accuracy": 0.8374444444444444, "Val_Loss": 0.4593925572753845, "Val_Accuracy": 0.8284714119019837, "_runtime": 2992, "_timestamp": 1615147276, "_step": 19, "metric": 0.4593925572753845}