{"epoch": 10, "Loss": 0.4570995212904874, "Accuracy": 0.8372777777777778, "Val_Loss": 0.47309574170500596, "Val_Accuracy": 0.8308051341890315, "_runtime": 2765, "_timestamp": 1615179283, "_step": 19, "metric": 0.47309574170500596}