{"epoch": 10, "Loss": 0.3172051051496965, "Accuracy": 0.8844074074074074, "Val_Loss": 0.3597858412681547, "Val_Accuracy": 0.8644774129021504, "_runtime": 665, "_timestamp": 1615150902, "_step": 19, "metric": 0.3597858412681547}