{"epoch": 10, "Loss": 0.5976090048108944, "Accuracy": 0.7869259259259259, "Val_Loss": 0.5889518497492107, "Val_Accuracy": 0.7874645774295715, "_runtime": 750, "_timestamp": 1615142904, "_step": 19, "metric": 0.5889518497492107}