{"epoch": 3, "Loss": 0.8996395266094214, "Accuracy": 0.6801111111111111, "Val_Loss": 0.8312538475094595, "Val_Accuracy": 0.7054509084847475, "_runtime": 196, "_timestamp": 1615142350, "_step": 5, "metric": 0.8312538475094595}