{"epoch": 10, "Loss": 0.606540188414537, "Accuracy": 0.7779259259259259, "Val_Loss": 0.6001007940222388, "Val_Accuracy": 0.7819636606101017, "_runtime": 643, "_timestamp": 1615160841, "_step": 19, "metric": 0.6001007940222388}