{"epoch": 10, "Loss": 0.4944510717609508, "Accuracy": 0.823, "Val_Loss": 0.4997923998231874, "Val_Accuracy": 0.8194699116519419, "_runtime": 970, "_timestamp": 1615161817, "_step": 19, "metric": 0.4997923998231874}