{"epochs": 5, "loss": 138148.8927789565, "_runtime": 81, "_timestamp": 1614697333, "_step": 9, "metric": 138148.8927789565}