{"epochs": 5, "loss": 138208.08626678633, "_runtime": 257, "_timestamp": 1614701136, "_step": 9, "metric": 138208.08626678633}