{"epoch": 10, "Loss": 0.31384469429722783, "Accuracy": 0.8897777777777778, "Val_Loss": 0.3890768918030354, "Val_Accuracy": 0.8684780796799466, "_runtime": 507, "_timestamp": 1615165516, "_step": 19, "metric": 0.3890768918030354}