{"epoch": 10, "Loss": 0.5990806480772363, "Accuracy": 0.7890370370370371, "Val_Loss": 0.5998243928676591, "Val_Accuracy": 0.7832972162027004, "_runtime": 1070, "_timestamp": 1615193518, "_step": 19, "metric": 0.5998243928676591}