{"epoch": 4, "Loss": 0.9499217099705687, "Accuracy": 0.6802592592592592, "Val_Loss": 0.9117722046133467, "Val_Accuracy": 0.6956159359893316, "_runtime": 2106, "_timestamp": 1615186459, "_step": 7, "metric": 0.9117722046133467}