{"epoch": 10, "Loss": 0.3746562862149568, "Accuracy": 0.8646296296296296, "Val_Loss": 0.40093873993960955, "Val_Accuracy": 0.8581430238373062, "_runtime": 1327, "_timestamp": 1615175139, "_step": 19, "metric": 0.40093873993960955}