{"epoch": 1, "Loss": 276.8111375325463, "Accuracy": 0.8022592592592592, "Val_Loss": 275.8815206698868, "Val_Accuracy": 0.823803967327888, "_runtime": 228, "_timestamp": 1615650023, "_step": 1, "metric": 0.8022592592592592}