{"epochs": 10, "loss": 138214.76465685372, "_runtime": 493, "_timestamp": 1614702095, "_step": 19, "metric": 138214.76465685372}