{"epochs": 10, "loss": 138533.317092056, "_runtime": 419, "_timestamp": 1614699102, "_step": 19, "metric": 138533.317092056}