{"epoch": 10, "Loss": 0.3977501453067455, "Accuracy": 0.8594074074074074, "Val_Loss": 0.4143944743249611, "Val_Accuracy": 0.8468078013002167, "_runtime": 373, "_timestamp": 1615189412, "_step": 19, "metric": 0.4143944743249611}