{"epoch": 10, "Loss": 0.37128148239539743, "Accuracy": 0.8671666666666666, "Val_Loss": 0.40017611090592836, "Val_Accuracy": 0.8541423570595099, "_runtime": 425, "_timestamp": 1615150232, "_step": 19, "metric": 0.40017611090592836}