{"epochs": 5, "loss": 138188.83401582172, "_runtime": 121, "_timestamp": 1614695587, "_step": 9, "metric": 138188.83401582172}