{"epoch": 10, "Loss": 0.26484046943770057, "Accuracy": 0.9052037037037037, "Val_Loss": 0.355719872372643, "Val_Accuracy": 0.8701450241706952, "_runtime": 1161, "_timestamp": 1615152069, "_step": 19, "metric": 0.355719872372643}