{"epoch": 10, "Loss": 0.6995665334477484, "Accuracy": 0.7599814814814815, "Val_Loss": 0.6950782706215592, "Val_Accuracy": 0.7576262710451742, "_runtime": 2105, "_timestamp": 1615173022, "_step": 19, "metric": 0.6950782706215592}