{"epoch": 10, "Loss": 0.9530666162409045, "Accuracy": 0.6895, "Val_Loss": 0.9270320264853962, "Val_Accuracy": 0.6964494082347058, "_runtime": 829, "_timestamp": 1615170911, "_step": 19, "metric": 0.9270320264853962}