{"epoch": 10, "Loss": 0.5011896482565743, "Accuracy": 0.8172037037037037, "Val_Loss": 0.508253452042825, "Val_Accuracy": 0.8149691615269211, "_runtime": 872, "_timestamp": 1615153544, "_step": 19, "metric": 0.508253452042825}