{"epoch": 10, "Loss": 0.31458240033235113, "Accuracy": 0.8869074074074074, "Val_Loss": 0.36225381200298956, "Val_Accuracy": 0.8671445240873479, "_runtime": 504, "_timestamp": 1615158853, "_step": 19, "metric": 0.36225381200298956}