{"epoch": 10, "Loss": 1.8326745377985758, "Accuracy": 0.2697222222222222, "Val_Loss": 1.8129009031989876, "Val_Accuracy": 0.27754625770961827, "_runtime": 1417, "_timestamp": 1615184344, "_step": 19, "metric": 1.8129009031989876}