{"epoch": 10, "Loss": 0.48501701116782825, "Accuracy": 0.8281111111111111, "Val_Loss": 0.49140120709723634, "Val_Accuracy": 0.8193032172028671, "_runtime": 315, "_timestamp": 1615173345, "_step": 19, "metric": 0.49140120709723634}