{"epoch": 10, "Loss": 0.2628374903780003, "Accuracy": 0.9041666666666667, "Val_Loss": 0.37140092260732716, "Val_Accuracy": 0.869144857476246, "_runtime": 1335, "_timestamp": 1615160193, "_step": 19, "metric": 0.37140092260732716}