{"epoch": 1, "Loss": 3.5192927410717525, "Accuracy": 0.0697037037037037, "Val_Loss": 2.7193564962415855, "Val_Accuracy": 0.08801466911151859, "_runtime": 67, "_timestamp": 1615195106, "_step": 1, "metric": 2.7193564962415855}