{"epoch": 2, "Loss": 276.18621610905006, "Accuracy": 0.19544444444444445, "Val_Loss": 275.2168295352173, "Val_Accuracy": 0.21036839473245542, "_runtime": 204, "_timestamp": 1615307967, "_step": 3, "metric": 276.18621610905006}