{"epoch": 10, "Loss": 0.3386478083358464, "Accuracy": 0.8776111111111111, "Val_Loss": 0.3739702625927841, "Val_Accuracy": 0.8644774129021504, "_runtime": 577, "_timestamp": 1615189994, "_step": 19, "metric": 0.3739702625927841}