{"epoch": 10, "Loss": 0.2963730598439286, "Accuracy": 0.8934074074074074, "Val_Loss": 0.3705666003779081, "Val_Accuracy": 0.869144857476246, "_runtime": 561, "_timestamp": 1615194085, "_step": 19, "metric": 0.3705666003779081}