{"epoch": 10, "Loss": 0.2605335516140555, "Accuracy": 0.904962962962963, "Val_Loss": 0.3740896419846593, "Val_Accuracy": 0.8663110518419737, "_runtime": 1607, "_timestamp": 1615169506, "_step": 19, "metric": 0.3740896419846593}